animal_name,hair,feathers,eggs,milk,airborne,aquatic,predator,toothed,backbone,breathes,venomous,fins,legs,tail,domestic,catsize,class_type,diet,conservation_status,habitat_type,Number_Of_Animal_Species_In_Class,Class_Type,Animal_Names,is_endangered,diet_complexity
aardvark,1,0,0,1,0,0,1,1,1,1,0,0,4,0,0,1,1,insectivore,least concern,savanna,41,Mammal,"aardvark, antelope, bear, boar, buffalo, calf, cavy, cheetah, deer, dolphin, elephant, fruitbat, giraffe, girl, goat, gorilla, hamster, hare, leopard, lion, lynx, mink, mole, mongoose, opossum, oryx, platypus, polecat, pony, porpoise, puma, pussycat, raccoon, reindeer, seal, sealion, squirrel, vampire, vole, wallaby, wolf",0,0
antelope,1,0,0,1,0,0,0,1,1,1,0,0,4,1,0,1,1,herbivore,near threatened,grasslands,41,Mammal,"aardvark, antelope, bear, boar, buffalo, calf, cavy, cheetah, deer, dolphin, elephant, fruitbat, giraffe, girl, goat, gorilla, hamster, hare, leopard, lion, lynx, mink, mole, mongoose, opossum, oryx, platypus, polecat, pony, porpoise, puma, pussycat, raccoon, reindeer, seal, sealion, squirrel, vampire, vole, wallaby, wolf",1,1
bass,0,0,1,0,0,1,1,1,1,0,0,1,0,1,0,0,4,carnivore,least concern,freshwater,13,Fish,"bass, carp, catfish, chub, dogfish, haddock, herring, pike, piranha, seahorse, sole, stingray, tuna",0,3
bear,1,0,0,1,0,0,1,1,1,1,0,0,4,0,0,1,1,omnivore,vulnerable,forest,41,Mammal,"aardvark, antelope, bear, boar, buffalo, calf, cavy, cheetah, deer, dolphin, elephant, fruitbat, giraffe, girl, goat, gorilla, hamster, hare, leopard, lion, lynx, mink, mole, mongoose, opossum, oryx, platypus, polecat, pony, porpoise, puma, pussycat, raccoon, reindeer, seal, sealion, squirrel, vampire, vole, wallaby, wolf",1,2
boar,1,0,0,1,0,0,1,1,1,1,0,0,4,1,0,1,1,omnivore,least concern,forest,41,Mammal,"aardvark, antelope, bear, boar, buffalo, calf, cavy, cheetah, deer, dolphin, elephant, fruitbat, giraffe, girl, goat, gorilla, hamster, hare, leopard, lion, lynx, mink, mole, mongoose, opossum, oryx, platypus, polecat, pony, porpoise, puma, pussycat, raccoon, reindeer, seal, sealion, squirrel, vampire, vole, wallaby, wolf",0,2
buffalo,1,0,0,1,0,0,0,1,1,1,0,0,4,1,0,1,1,herbivore,endangered,grasslands,41,Mammal,"aardvark, antelope, bear, boar, buffalo, calf, cavy, cheetah, deer, dolphin, elephant, fruitbat, giraffe, girl, goat, gorilla, hamster, hare, leopard, lion, lynx, mink, mole, mongoose, opossum, oryx, platypus, polecat, pony, porpoise, puma, pussycat, raccoon, reindeer, seal, sealion, squirrel, vampire, vole, wallaby, wolf",1,1
calf,1,0,0,1,0,0,0,1,1,1,0,0,4,1,1,1,1,herbivore,unknown,domestic,41,Mammal,"aardvark, antelope, bear, boar, buffalo, calf, cavy, cheetah, deer, dolphin, elephant, fruitbat, giraffe, girl, goat, gorilla, hamster, hare, leopard, lion, lynx, mink, mole, mongoose, opossum, oryx, platypus, polecat, pony, porpoise, puma, pussycat, raccoon, reindeer, seal, sealion, squirrel, vampire, vole, wallaby, wolf",0,1
carp,0,0,1,0,0,1,0,1,1,0,0,1,0,1,1,0,4,omnivore,least concern,freshwater,13,Fish,"bass, carp, catfish, chub, dogfish, haddock, herring, pike, piranha, seahorse, sole, stingray, tuna",0,2
catfish,0,0,1,0,0,1,1,1,1,0,0,1,0,1,0,0,4,carnivore,unknown,freshwater,13,Fish,"bass, carp, catfish, chub, dogfish, haddock, herring, pike, piranha, seahorse, sole, stingray, tuna",0,3
cavy,1,0,0,1,0,0,0,1,1,1,0,0,4,0,1,0,1,unknown,unknown,unknown,41,Mammal,"aardvark, antelope, bear, boar, buffalo, calf, cavy, cheetah, deer, dolphin, elephant, fruitbat, giraffe, girl, goat, gorilla, hamster, hare, leopard, lion, lynx, mink, mole, mongoose, opossum, oryx, platypus, polecat, pony, porpoise, puma, pussycat, raccoon, reindeer, seal, sealion, squirrel, vampire, vole, wallaby, wolf",0,0
cheetah,1,0,0,1,0,0,1,1,1,1,0,0,4,1,0,1,1,unknown,unknown,unknown,41,Mammal,"aardvark, antelope, bear, boar, buffalo, calf, cavy, cheetah, deer, dolphin, elephant, fruitbat, giraffe, girl, goat, gorilla, hamster, hare, leopard, lion, lynx, mink, mole, mongoose, opossum, oryx, platypus, polecat, pony, porpoise, puma, pussycat, raccoon, reindeer, seal, sealion, squirrel, vampire, vole, wallaby, wolf",0,0
chicken,0,1,1,0,1,0,0,0,1,1,0,0,2,1,1,0,2,unknown,unknown,unknown,20,Bird,"chicken, crow, dove, duck, flamingo, gull, hawk, kiwi, lark, ostrich, parakeet, penguin, pheasant, rhea, skimmer, skua, sparrow, swan, vulture, wren",0,0
chub,0,0,1,0,0,1,1,1,1,0,0,1,0,1,0,0,4,unknown,unknown,unknown,13,Fish,"bass, carp, catfish, chub, dogfish, haddock, herring, pike, piranha, seahorse, sole, stingray, tuna",0,0
clam,0,0,1,0,0,0,1,0,0,0,0,0,0,0,0,0,7,filter_feeder,least concern,marine,10,Invertebrate,"clam, crab, crayfish, lobster, octopus, scorpion, seawasp, slug, starfish, worm",0,0
crab,0,0,1,0,0,1,1,0,0,0,0,0,4,0,0,0,7,omnivore,least concern,marine/coastal,10,Invertebrate,"clam, crab, crayfish, lobster, octopus, scorpion, seawasp, slug, starfish, worm",0,2
crayfish,0,0,1,0,0,1,1,0,0,0,0,0,6,0,0,0,7,unknown,unknown,unknown,10,Invertebrate,"clam, crab, crayfish, lobster, octopus, scorpion, seawasp, slug, starfish, worm",0,0
crow,0,1,1,0,1,0,1,0,1,1,0,0,2,1,0,0,2,unknown,unknown,unknown,20,Bird,"chicken, crow, dove, duck, flamingo, gull, hawk, kiwi, lark, ostrich, parakeet, penguin, pheasant, rhea, skimmer, skua, sparrow, swan, vulture, wren",0,0
deer,1,0,0,1,0,0,0,1,1,1,0,0,4,1,0,1,1,herbivore,vulnerable,forest,41,Mammal,"aardvark, antelope, bear, boar, buffalo, calf, cavy, cheetah, deer, dolphin, elephant, fruitbat, giraffe, girl, goat, gorilla, hamster, hare, leopard, lion, lynx, mink, mole, mongoose, opossum, oryx, platypus, polecat, pony, porpoise, puma, pussycat, raccoon, reindeer, seal, sealion, squirrel, vampire, vole, wallaby, wolf",1,1
dogfish,0,0,1,0,0,1,1,1,1,0,0,1,0,1,0,1,4,unknown,unknown,unknown,13,Fish,"bass, carp, catfish, chub, dogfish, haddock, herring, pike, piranha, seahorse, sole, stingray, tuna",0,0
dolphin,0,0,0,1,0,1,1,1,1,1,0,1,0,1,0,1,1,unknown,unknown,unknown,41,Mammal,"aardvark, antelope, bear, boar, buffalo, calf, cavy, cheetah, deer, dolphin, elephant, fruitbat, giraffe, girl, goat, gorilla, hamster, hare, leopard, lion, lynx, mink, mole, mongoose, opossum, oryx, platypus, polecat, pony, porpoise, puma, pussycat, raccoon, reindeer, seal, sealion, squirrel, vampire, vole, wallaby, wolf",0,0
dove,0,1,1,0,1,0,0,0,1,1,0,0,2,1,1,0,2,unknown,unknown,unknown,20,Bird,"chicken, crow, dove, duck, flamingo, gull, hawk, kiwi, lark, ostrich, parakeet, penguin, pheasant, rhea, skimmer, skua, sparrow, swan, vulture, wren",0,0
duck,0,1,1,0,1,1,0,0,1,1,0,0,2,1,0,0,2,unknown,unknown,unknown,20,Bird,"chicken, crow, dove, duck, flamingo, gull, hawk, kiwi, lark, ostrich, parakeet, penguin, pheasant, rhea, skimmer, skua, sparrow, swan, vulture, wren",0,0
elephant,1,0,0,1,0,0,0,1,1,1,0,0,4,1,0,1,1,unknown,unknown,unknown,41,Mammal,"aardvark, antelope, bear, boar, buffalo, calf, cavy, cheetah, deer, dolphin, elephant, fruitbat, giraffe, girl, goat, gorilla, hamster, hare, leopard, lion, lynx, mink, mole, mongoose, opossum, oryx, platypus, polecat, pony, porpoise, puma, pussycat, raccoon, reindeer, seal, sealion, squirrel, vampire, vole, wallaby, wolf",0,0
flamingo,0,1,1,0,1,0,0,0,1,1,0,0,2,1,0,1,2,unknown,unknown,unknown,20,Bird,"chicken, crow, dove, duck, flamingo, gull, hawk, kiwi, lark, ostrich, parakeet, penguin, pheasant, rhea, skimmer, skua, sparrow, swan, vulture, wren",0,0
flea,0,0,1,0,0,0,0,0,0,1,0,0,6,0,0,0,6,unknown,unknown,unknown,8,Bug,"flea, gnat, honeybee, housefly, ladybird, moth, termite, wasp",0,0
frog,0,0,1,0,0,1,1,1,1,1,0,0,4,0,0,0,5,unknown,unknown,unknown,4,Amphibian,"frog, frog, newt, toad",0,0
frog,0,0,1,0,0,1,1,1,1,1,1,0,4,0,0,0,5,unknown,unknown,unknown,4,Amphibian,"frog, frog, newt, toad",0,0
fruitbat,1,0,0,1,1,0,0,1,1,1,0,0,2,1,0,0,1,unknown,unknown,unknown,41,Mammal,"aardvark, antelope, bear, boar, buffalo, calf, cavy, cheetah, deer, dolphin, elephant, fruitbat, giraffe, girl, goat, gorilla, hamster, hare, leopard, lion, lynx, mink, mole, mongoose, opossum, oryx, platypus, polecat, pony, porpoise, puma, pussycat, raccoon, reindeer, seal, sealion, squirrel, vampire, vole, wallaby, wolf",0,0
giraffe,1,0,0,1,0,0,0,1,1,1,0,0,4,1,0,1,1,unknown,unknown,unknown,41,Mammal,"aardvark, antelope, bear, boar, buffalo, calf, cavy, cheetah, deer, dolphin, elephant, fruitbat, giraffe, girl, goat, gorilla, hamster, hare, leopard, lion, lynx, mink, mole, mongoose, opossum, oryx, platypus, polecat, pony, porpoise, puma, pussycat, raccoon, reindeer, seal, sealion, squirrel, vampire, vole, wallaby, wolf",0,0
girl,1,0,0,1,0,0,1,1,1,1,0,0,2,0,1,1,1,unknown,unknown,unknown,41,Mammal,"aardvark, antelope, bear, boar, buffalo, calf, cavy, cheetah, deer, dolphin, elephant, fruitbat, giraffe, girl, goat, gorilla, hamster, hare, leopard, lion, lynx, mink, mole, mongoose, opossum, oryx, platypus, polecat, pony, porpoise, puma, pussycat, raccoon, reindeer, seal, sealion, squirrel, vampire, vole, wallaby, wolf",0,0
gnat,0,0,1,0,1,0,0,0,0,1,0,0,6,0,0,0,6,unknown,unknown,unknown,8,Bug,"flea, gnat, honeybee, housefly, ladybird, moth, termite, wasp",0,0
goat,1,0,0,1,0,0,0,1,1,1,0,0,4,1,1,1,1,unknown,unknown,unknown,41,Mammal,"aardvark, antelope, bear, boar, buffalo, calf, cavy, cheetah, deer, dolphin, elephant, fruitbat, giraffe, girl, goat, gorilla, hamster, hare, leopard, lion, lynx, mink, mole, mongoose, opossum, oryx, platypus, polecat, pony, porpoise, puma, pussycat, raccoon, reindeer, seal, sealion, squirrel, vampire, vole, wallaby, wolf",0,0
gorilla,1,0,0,1,0,0,0,1,1,1,0,0,2,0,0,1,1,unknown,unknown,unknown,41,Mammal,"aardvark, antelope, bear, boar, buffalo, calf, cavy, cheetah, deer, dolphin, elephant, fruitbat, giraffe, girl, goat, gorilla, hamster, hare, leopard, lion, lynx, mink, mole, mongoose, opossum, oryx, platypus, polecat, pony, porpoise, puma, pussycat, raccoon, reindeer, seal, sealion, squirrel, vampire, vole, wallaby, wolf",0,0
gull,0,1,1,0,1,1,1,0,1,1,0,0,2,1,0,0,2,unknown,unknown,unknown,20,Bird,"chicken, crow, dove, duck, flamingo, gull, hawk, kiwi, lark, ostrich, parakeet, penguin, pheasant, rhea, skimmer, skua, sparrow, swan, vulture, wren",0,0
haddock,0,0,1,0,0,1,0,1,1,0,0,1,0,1,0,0,4,unknown,unknown,unknown,13,Fish,"bass, carp, catfish, chub, dogfish, haddock, herring, pike, piranha, seahorse, sole, stingray, tuna",0,0
hamster,1,0,0,1,0,0,0,1,1,1,0,0,4,1,1,0,1,unknown,unknown,unknown,41,Mammal,"aardvark, antelope, bear, boar, buffalo, calf, cavy, cheetah, deer, dolphin, elephant, fruitbat, giraffe, girl, goat, gorilla, hamster, hare, leopard, lion, lynx, mink, mole, mongoose, opossum, oryx, platypus, polecat, pony, porpoise, puma, pussycat, raccoon, reindeer, seal, sealion, squirrel, vampire, vole, wallaby, wolf",0,0
hare,1,0,0,1,0,0,0,1,1,1,0,0,4,1,0,0,1,unknown,unknown,unknown,41,Mammal,"aardvark, antelope, bear, boar, buffalo, calf, cavy, cheetah, deer, dolphin, elephant, fruitbat, giraffe, girl, goat, gorilla, hamster, hare, leopard, lion, lynx, mink, mole, mongoose, opossum, oryx, platypus, polecat, pony, porpoise, puma, pussycat, raccoon, reindeer, seal, sealion, squirrel, vampire, vole, wallaby, wolf",0,0
hawk,0,1,1,0,1,0,1,0,1,1,0,0,2,1,0,0,2,unknown,unknown,unknown,20,Bird,"chicken, crow, dove, duck, flamingo, gull, hawk, kiwi, lark, ostrich, parakeet, penguin, pheasant, rhea, skimmer, skua, sparrow, swan, vulture, wren",0,0
herring,0,0,1,0,0,1,1,1,1,0,0,1,0,1,0,0,4,unknown,unknown,unknown,13,Fish,"bass, carp, catfish, chub, dogfish, haddock, herring, pike, piranha, seahorse, sole, stingray, tuna",0,0
honeybee,1,0,1,0,1,0,0,0,0,1,1,0,6,0,1,0,6,unknown,unknown,unknown,8,Bug,"flea, gnat, honeybee, housefly, ladybird, moth, termite, wasp",0,0
housefly,1,0,1,0,1,0,0,0,0,1,0,0,6,0,0,0,6,unknown,unknown,unknown,8,Bug,"flea, gnat, honeybee, housefly, ladybird, moth, termite, wasp",0,0
kiwi,0,1,1,0,0,0,1,0,1,1,0,0,2,1,0,0,2,unknown,unknown,unknown,20,Bird,"chicken, crow, dove, duck, flamingo, gull, hawk, kiwi, lark, ostrich, parakeet, penguin, pheasant, rhea, skimmer, skua, sparrow, swan, vulture, wren",0,0
ladybird,0,0,1,0,1,0,1,0,0,1,0,0,6,0,0,0,6,unknown,unknown,unknown,8,Bug,"flea, gnat, honeybee, housefly, ladybird, moth, termite, wasp",0,0
lark,0,1,1,0,1,0,0,0,1,1,0,0,2,1,0,0,2,unknown,unknown,unknown,20,Bird,"chicken, crow, dove, duck, flamingo, gull, hawk, kiwi, lark, ostrich, parakeet, penguin, pheasant, rhea, skimmer, skua, sparrow, swan, vulture, wren",0,0
leopard,1,0,0,1,0,0,1,1,1,1,0,0,4,1,0,1,1,unknown,unknown,unknown,41,Mammal,"aardvark, antelope, bear, boar, buffalo, calf, cavy, cheetah, deer, dolphin, elephant, fruitbat, giraffe, girl, goat, gorilla, hamster, hare, leopard, lion, lynx, mink, mole, mongoose, opossum, oryx, platypus, polecat, pony, porpoise, puma, pussycat, raccoon, reindeer, seal, sealion, squirrel, vampire, vole, wallaby, wolf",0,0
lion,1,0,0,1,0,0,1,1,1,1,0,0,4,1,0,1,1,unknown,unknown,unknown,41,Mammal,"aardvark, antelope, bear, boar, buffalo, calf, cavy, cheetah, deer, dolphin, elephant, fruitbat, giraffe, girl, goat, gorilla, hamster, hare, leopard, lion, lynx, mink, mole, mongoose, opossum, oryx, platypus, polecat, pony, porpoise, puma, pussycat, raccoon, reindeer, seal, sealion, squirrel, vampire, vole, wallaby, wolf",0,0
lobster,0,0,1,0,0,1,1,0,0,0,0,0,6,0,0,0,7,unknown,unknown,unknown,10,Invertebrate,"clam, crab, crayfish, lobster, octopus, scorpion, seawasp, slug, starfish, worm",0,0
lynx,1,0,0,1,0,0,1,1,1,1,0,0,4,1,0,1,1,unknown,unknown,unknown,41,Mammal,"aardvark, antelope, bear, boar, buffalo, calf, cavy, cheetah, deer, dolphin, elephant, fruitbat, giraffe, girl, goat, gorilla, hamster, hare, leopard, lion, lynx, mink, mole, mongoose, opossum, oryx, platypus, polecat, pony, porpoise, puma, pussycat, raccoon, reindeer, seal, sealion, squirrel, vampire, vole, wallaby, wolf",0,0
mink,1,0,0,1,0,1,1,1,1,1,0,0,4,1,0,1,1,unknown,unknown,unknown,41,Mammal,"aardvark, antelope, bear, boar, buffalo, calf, cavy, cheetah, deer, dolphin, elephant, fruitbat, giraffe, girl, goat, gorilla, hamster, hare, leopard, lion, lynx, mink, mole, mongoose, opossum, oryx, platypus, polecat, pony, porpoise, puma, pussycat, raccoon, reindeer, seal, sealion, squirrel, vampire, vole, wallaby, wolf",0,0
mole,1,0,0,1,0,0,1,1,1,1,0,0,4,1,0,0,1,unknown,unknown,unknown,41,Mammal,"aardvark, antelope, bear, boar, buffalo, calf, cavy, cheetah, deer, dolphin, elephant, fruitbat, giraffe, girl, goat, gorilla, hamster, hare, leopard, lion, lynx, mink, mole, mongoose, opossum, oryx, platypus, polecat, pony, porpoise, puma, pussycat, raccoon, reindeer, seal, sealion, squirrel, vampire, vole, wallaby, wolf",0,0
mongoose,1,0,0,1,0,0,1,1,1,1,0,0,4,1,0,1,1,unknown,unknown,unknown,41,Mammal,"aardvark, antelope, bear, boar, buffalo, calf, cavy, cheetah, deer, dolphin, elephant, fruitbat, giraffe, girl, goat, gorilla, hamster, hare, leopard, lion, lynx, mink, mole, mongoose, opossum, oryx, platypus, polecat, pony, porpoise, puma, pussycat, raccoon, reindeer, seal, sealion, squirrel, vampire, vole, wallaby, wolf",0,0
moth,1,0,1,0,1,0,0,0,0,1,0,0,6,0,0,0,6,unknown,unknown,unknown,8,Bug,"flea, gnat, honeybee, housefly, ladybird, moth, termite, wasp",0,0
newt,0,0,1,0,0,1,1,1,1,1,0,0,4,1,0,0,5,unknown,unknown,unknown,4,Amphibian,"frog, frog, newt, toad",0,0
octopus,0,0,1,0,0,1,1,0,0,0,0,0,8,0,0,1,7,unknown,unknown,unknown,10,Invertebrate,"clam, crab, crayfish, lobster, octopus, scorpion, seawasp, slug, starfish, worm",0,0
opossum,1,0,0,1,0,0,1,1,1,1,0,0,4,1,0,0,1,unknown,unknown,unknown,41,Mammal,"aardvark, antelope, bear, boar, buffalo, calf, cavy, cheetah, deer, dolphin, elephant, fruitbat, giraffe, girl, goat, gorilla, hamster, hare, leopard, lion, lynx, mink, mole, mongoose, opossum, oryx, platypus, polecat, pony, porpoise, puma, pussycat, raccoon, reindeer, seal, sealion, squirrel, vampire, vole, wallaby, wolf",0,0
oryx,1,0,0,1,0,0,0,1,1,1,0,0,4,1,0,1,1,unknown,unknown,unknown,41,Mammal,"aardvark, antelope, bear, boar, buffalo, calf, cavy, cheetah, deer, dolphin, elephant, fruitbat, giraffe, girl, goat, gorilla, hamster, hare, leopard, lion, lynx, mink, mole, mongoose, opossum, oryx, platypus, polecat, pony, porpoise, puma, pussycat, raccoon, reindeer, seal, sealion, squirrel, vampire, vole, wallaby, wolf",0,0
ostrich,0,1,1,0,0,0,0,0,1,1,0,0,2,1,0,1,2,unknown,unknown,unknown,20,Bird,"chicken, crow, dove, duck, flamingo, gull, hawk, kiwi, lark, ostrich, parakeet, penguin, pheasant, rhea, skimmer, skua, sparrow, swan, vulture, wren",0,0
parakeet,0,1,1,0,1,0,0,0,1,1,0,0,2,1,1,0,2,unknown,unknown,unknown,20,Bird,"chicken, crow, dove, duck, flamingo, gull, hawk, kiwi, lark, ostrich, parakeet, penguin, pheasant, rhea, skimmer, skua, sparrow, swan, vulture, wren",0,0
penguin,0,1,1,0,0,1,1,0,1,1,0,0,2,1,0,1,2,unknown,unknown,unknown,20,Bird,"chicken, crow, dove, duck, flamingo, gull, hawk, kiwi, lark, ostrich, parakeet, penguin, pheasant, rhea, skimmer, skua, sparrow, swan, vulture, wren",0,0
pheasant,0,1,1,0,1,0,0,0,1,1,0,0,2,1,0,0,2,unknown,unknown,unknown,20,Bird,"chicken, crow, dove, duck, flamingo, gull, hawk, kiwi, lark, ostrich, parakeet, penguin, pheasant, rhea, skimmer, skua, sparrow, swan, vulture, wren",0,0
pike,0,0,1,0,0,1,1,1,1,0,0,1,0,1,0,1,4,unknown,unknown,unknown,13,Fish,"bass, carp, catfish, chub, dogfish, haddock, herring, pike, piranha, seahorse, sole, stingray, tuna",0,0
piranha,0,0,1,0,0,1,1,1,1,0,0,1,0,1,0,0,4,unknown,unknown,unknown,13,Fish,"bass, carp, catfish, chub, dogfish, haddock, herring, pike, piranha, seahorse, sole, stingray, tuna",0,0
pitviper,0,0,1,0,0,0,1,1,1,1,1,0,0,1,0,0,3,unknown,unknown,unknown,5,Reptile,"pitviper, seasnake, slowworm, tortoise, tuatara",0,0
platypus,1,0,1,1,0,1,1,0,1,1,0,0,4,1,0,1,1,unknown,unknown,unknown,41,Mammal,"aardvark, antelope, bear, boar, buffalo, calf, cavy, cheetah, deer, dolphin, elephant, fruitbat, giraffe, girl, goat, gorilla, hamster, hare, leopard, lion, lynx, mink, mole, mongoose, opossum, oryx, platypus, polecat, pony, porpoise, puma, pussycat, raccoon, reindeer, seal, sealion, squirrel, vampire, vole, wallaby, wolf",0,0
polecat,1,0,0,1,0,0,1,1,1,1,0,0,4,1,0,1,1,unknown,unknown,unknown,41,Mammal,"aardvark, antelope, bear, boar, buffalo, calf, cavy, cheetah, deer, dolphin, elephant, fruitbat, giraffe, girl, goat, gorilla, hamster, hare, leopard, lion, lynx, mink, mole, mongoose, opossum, oryx, platypus, polecat, pony, porpoise, puma, pussycat, raccoon, reindeer, seal, sealion, squirrel, vampire, vole, wallaby, wolf",0,0
pony,1,0,0,1,0,0,0,1,1,1,0,0,4,1,1,1,1,unknown,unknown,unknown,41,Mammal,"aardvark, antelope, bear, boar, buffalo, calf, cavy, cheetah, deer, dolphin, elephant, fruitbat, giraffe, girl, goat, gorilla, hamster, hare, leopard, lion, lynx, mink, mole, mongoose, opossum, oryx, platypus, polecat, pony, porpoise, puma, pussycat, raccoon, reindeer, seal, sealion, squirrel, vampire, vole, wallaby, wolf",0,0
porpoise,0,0,0,1,0,1,1,1,1,1,0,1,0,1,0,1,1,unknown,unknown,unknown,41,Mammal,"aardvark, antelope, bear, boar, buffalo, calf, cavy, cheetah, deer, dolphin, elephant, fruitbat, giraffe, girl, goat, gorilla, hamster, hare, leopard, lion, lynx, mink, mole, mongoose, opossum, oryx, platypus, polecat, pony, porpoise, puma, pussycat, raccoon, reindeer, seal, sealion, squirrel, vampire, vole, wallaby, wolf",0,0
puma,1,0,0,1,0,0,1,1,1,1,0,0,4,1,0,1,1,unknown,unknown,unknown,41,Mammal,"aardvark, antelope, bear, boar, buffalo, calf, cavy, cheetah, deer, dolphin, elephant, fruitbat, giraffe, girl, goat, gorilla, hamster, hare, leopard, lion, lynx, mink, mole, mongoose, opossum, oryx, platypus, polecat, pony, porpoise, puma, pussycat, raccoon, reindeer, seal, sealion, squirrel, vampire, vole, wallaby, wolf",0,0
pussycat,1,0,0,1,0,0,1,1,1,1,0,0,4,1,1,1,1,unknown,unknown,unknown,41,Mammal,"aardvark, antelope, bear, boar, buffalo, calf, cavy, cheetah, deer, dolphin, elephant, fruitbat, giraffe, girl, goat, gorilla, hamster, hare, leopard, lion, lynx, mink, mole, mongoose, opossum, oryx, platypus, polecat, pony, porpoise, puma, pussycat, raccoon, reindeer, seal, sealion, squirrel, vampire, vole, wallaby, wolf",0,0
raccoon,1,0,0,1,0,0,1,1,1,1,0,0,4,1,0,1,1,unknown,unknown,unknown,41,Mammal,"aardvark, antelope, bear, boar, buffalo, calf, cavy, cheetah, deer, dolphin, elephant, fruitbat, giraffe, girl, goat, gorilla, hamster, hare, leopard, lion, lynx, mink, mole, mongoose, opossum, oryx, platypus, polecat, pony, porpoise, puma, pussycat, raccoon, reindeer, seal, sealion, squirrel, vampire, vole, wallaby, wolf",0,0
reindeer,1,0,0,1,0,0,0,1,1,1,0,0,4,1,1,1,1,unknown,unknown,unknown,41,Mammal,"aardvark, antelope, bear, boar, buffalo, calf, cavy, cheetah, deer, dolphin, elephant, fruitbat, giraffe, girl, goat, gorilla, hamster, hare, leopard, lion, lynx, mink, mole, mongoose, opossum, oryx, platypus, polecat, pony, porpoise, puma, pussycat, raccoon, reindeer, seal, sealion, squirrel, vampire, vole, wallaby, wolf",0,0
rhea,0,1,1,0,0,0,1,0,1,1,0,0,2,1,0,1,2,unknown,unknown,unknown,20,Bird,"chicken, crow, dove, duck, flamingo, gull, hawk, kiwi, lark, ostrich, parakeet, penguin, pheasant, rhea, skimmer, skua, sparrow, swan, vulture, wren",0,0
scorpion,0,0,0,0,0,0,1,0,0,1,1,0,8,1,0,0,7,unknown,unknown,unknown,10,Invertebrate,"clam, crab, crayfish, lobster, octopus, scorpion, seawasp, slug, starfish, worm",0,0
seahorse,0,0,1,0,0,1,0,1,1,0,0,1,0,1,0,0,4,unknown,unknown,unknown,13,Fish,"bass, carp, catfish, chub, dogfish, haddock, herring, pike, piranha, seahorse, sole, stingray, tuna",0,0
seal,1,0,0,1,0,1,1,1,1,1,0,1,0,0,0,1,1,unknown,unknown,unknown,41,Mammal,"aardvark, antelope, bear, boar, buffalo, calf, cavy, cheetah, deer, dolphin, elephant, fruitbat, giraffe, girl, goat, gorilla, hamster, hare, leopard, lion, lynx, mink, mole, mongoose, opossum, oryx, platypus, polecat, pony, porpoise, puma, pussycat, raccoon, reindeer, seal, sealion, squirrel, vampire, vole, wallaby, wolf",0,0
sealion,1,0,0,1,0,1,1,1,1,1,0,1,2,1,0,1,1,unknown,unknown,unknown,41,Mammal,"aardvark, antelope, bear, boar, buffalo, calf, cavy, cheetah, deer, dolphin, elephant, fruitbat, giraffe, girl, goat, gorilla, hamster, hare, leopard, lion, lynx, mink, mole, mongoose, opossum, oryx, platypus, polecat, pony, porpoise, puma, pussycat, raccoon, reindeer, seal, sealion, squirrel, vampire, vole, wallaby, wolf",0,0
seasnake,0,0,0,0,0,1,1,1,1,0,1,0,0,1,0,0,3,unknown,unknown,unknown,5,Reptile,"pitviper, seasnake, slowworm, tortoise, tuatara",0,0
seawasp,0,0,1,0,0,1,1,0,0,0,1,0,0,0,0,0,7,unknown,unknown,unknown,10,Invertebrate,"clam, crab, crayfish, lobster, octopus, scorpion, seawasp, slug, starfish, worm",0,0
skimmer,0,1,1,0,1,1,1,0,1,1,0,0,2,1,0,0,2,unknown,unknown,unknown,20,Bird,"chicken, crow, dove, duck, flamingo, gull, hawk, kiwi, lark, ostrich, parakeet, penguin, pheasant, rhea, skimmer, skua, sparrow, swan, vulture, wren",0,0
skua,0,1,1,0,1,1,1,0,1,1,0,0,2,1,0,0,2,unknown,unknown,unknown,20,Bird,"chicken, crow, dove, duck, flamingo, gull, hawk, kiwi, lark, ostrich, parakeet, penguin, pheasant, rhea, skimmer, skua, sparrow, swan, vulture, wren",0,0
slowworm,0,0,1,0,0,0,1,1,1,1,0,0,0,1,0,0,3,unknown,unknown,unknown,5,Reptile,"pitviper, seasnake, slowworm, tortoise, tuatara",0,0
slug,0,0,1,0,0,0,0,0,0,1,0,0,0,0,0,0,7,unknown,unknown,unknown,10,Invertebrate,"clam, crab, crayfish, lobster, octopus, scorpion, seawasp, slug, starfish, worm",0,0
sole,0,0,1,0,0,1,0,1,1,0,0,1,0,1,0,0,4,unknown,unknown,unknown,13,Fish,"bass, carp, catfish, chub, dogfish, haddock, herring, pike, piranha, seahorse, sole, stingray, tuna",0,0
sparrow,0,1,1,0,1,0,0,0,1,1,0,0,2,1,0,0,2,unknown,unknown,unknown,20,Bird,"chicken, crow, dove, duck, flamingo, gull, hawk, kiwi, lark, ostrich, parakeet, penguin, pheasant, rhea, skimmer, skua, sparrow, swan, vulture, wren",0,0
squirrel,1,0,0,1,0,0,0,1,1,1,0,0,2,1,0,0,1,unknown,unknown,unknown,41,Mammal,"aardvark, antelope, bear, boar, buffalo, calf, cavy, cheetah, deer, dolphin, elephant, fruitbat, giraffe, girl, goat, gorilla, hamster, hare, leopard, lion, lynx, mink, mole, mongoose, opossum, oryx, platypus, polecat, pony, porpoise, puma, pussycat, raccoon, reindeer, seal, sealion, squirrel, vampire, vole, wallaby, wolf",0,0
starfish,0,0,1,0,0,1,1,0,0,0,0,0,5,0,0,0,7,unknown,unknown,unknown,10,Invertebrate,"clam, crab, crayfish, lobster, octopus, scorpion, seawasp, slug, starfish, worm",0,0
stingray,0,0,1,0,0,1,1,1,1,0,1,1,0,1,0,1,4,unknown,unknown,unknown,13,Fish,"bass, carp, catfish, chub, dogfish, haddock, herring, pike, piranha, seahorse, sole, stingray, tuna",0,0
swan,0,1,1,0,1,1,0,0,1,1,0,0,2,1,0,1,2,unknown,unknown,unknown,20,Bird,"chicken, crow, dove, duck, flamingo, gull, hawk, kiwi, lark, ostrich, parakeet, penguin, pheasant, rhea, skimmer, skua, sparrow, swan, vulture, wren",0,0
termite,0,0,1,0,0,0,0,0,0,1,0,0,6,0,0,0,6,unknown,unknown,unknown,8,Bug,"flea, gnat, honeybee, housefly, ladybird, moth, termite, wasp",0,0
toad,0,0,1,0,0,1,0,1,1,1,0,0,4,0,0,0,5,unknown,unknown,unknown,4,Amphibian,"frog, frog, newt, toad",0,0
tortoise,0,0,1,0,0,0,0,0,1,1,0,0,4,1,0,1,3,unknown,unknown,unknown,5,Reptile,"pitviper, seasnake, slowworm, tortoise, tuatara",0,0
tuatara,0,0,1,0,0,0,1,1,1,1,0,0,4,1,0,0,3,unknown,unknown,unknown,5,Reptile,"pitviper, seasnake, slowworm, tortoise, tuatara",0,0
tuna,0,0,1,0,0,1,1,1,1,0,0,1,0,1,0,1,4,unknown,unknown,unknown,13,Fish,"bass, carp, catfish, chub, dogfish, haddock, herring, pike, piranha, seahorse, sole, stingray, tuna",0,0
vampire,1,0,0,1,1,0,0,1,1,1,0,0,2,1,0,0,1,unknown,unknown,unknown,41,Mammal,"aardvark, antelope, bear, boar, buffalo, calf, cavy, cheetah, deer, dolphin, elephant, fruitbat, giraffe, girl, goat, gorilla, hamster, hare, leopard, lion, lynx, mink, mole, mongoose, opossum, oryx, platypus, polecat, pony, porpoise, puma, pussycat, raccoon, reindeer, seal, sealion, squirrel, vampire, vole, wallaby, wolf",0,0
vole,1,0,0,1,0,0,0,1,1,1,0,0,4,1,0,0,1,unknown,unknown,unknown,41,Mammal,"aardvark, antelope, bear, boar, buffalo, calf, cavy, cheetah, deer, dolphin, elephant, fruitbat, giraffe, girl, goat, gorilla, hamster, hare, leopard, lion, lynx, mink, mole, mongoose, opossum, oryx, platypus, polecat, pony, porpoise, puma, pussycat, raccoon, reindeer, seal, sealion, squirrel, vampire, vole, wallaby, wolf",0,0
vulture,0,1,1,0,1,0,1,0,1,1,0,0,2,1,0,1,2,unknown,unknown,unknown,20,Bird,"chicken, crow, dove, duck, flamingo, gull, hawk, kiwi, lark, ostrich, parakeet, penguin, pheasant, rhea, skimmer, skua, sparrow, swan, vulture, wren",0,0
wallaby,1,0,0,1,0,0,0,1,1,1,0,0,2,1,0,1,1,unknown,unknown,unknown,41,Mammal,"aardvark, antelope, bear, boar, buffalo, calf, cavy, cheetah, deer, dolphin, elephant, fruitbat, giraffe, girl, goat, gorilla, hamster, hare, leopard, lion, lynx, mink, mole, mongoose, opossum, oryx, platypus, polecat, pony, porpoise, puma, pussycat, raccoon, reindeer, seal, sealion, squirrel, vampire, vole, wallaby, wolf",0,0
wasp,1,0,1,0,1,0,0,0,0,1,1,0,6,0,0,0,6,unknown,unknown,unknown,8,Bug,"flea, gnat, honeybee, housefly, ladybird, moth, termite, wasp",0,0
wolf,1,0,0,1,0,0,1,1,1,1,0,0,4,1,0,1,1,unknown,unknown,unknown,41,Mammal,"aardvark, antelope, bear, boar, buffalo, calf, cavy, cheetah, deer, dolphin, elephant, fruitbat, giraffe, girl, goat, gorilla, hamster, hare, leopard, lion, lynx, mink, mole, mongoose, opossum, oryx, platypus, polecat, pony, porpoise, puma, pussycat, raccoon, reindeer, seal, sealion, squirrel, vampire, vole, wallaby, wolf",0,0
worm,0,0,1,0,0,0,0,0,0,1,0,0,0,0,0,0,7,unknown,unknown,unknown,10,Invertebrate,"clam, crab, crayfish, lobster, octopus, scorpion, seawasp, slug, starfish, worm",0,0
wren,0,1,1,0,1,0,0,0,1,1,0,0,2,1,0,0,2,unknown,unknown,unknown,20,Bird,"chicken, crow, dove, duck, flamingo, gull, hawk, kiwi, lark, ostrich, parakeet, penguin, pheasant, rhea, skimmer, skua, sparrow, swan, vulture, wren",0,0
